step,left_pos_err_m,left_rot_err_deg,right_pos_err_m,right_rot_err_deg,left_joint_track_err,right_joint_track_err,left_near_limit_ratio,right_near_limit_ratio
0,0.07655075888879796,47.283470121639134,0.14566317036334822,15.917385322151386,0.1947447508573532,0.18365684151649475,0.2857142984867096,0.0
1,0.06774207131674868,46.90089320782729,0.15123467769031324,15.621641024054712,0.15597259998321533,0.16202996671199799,0.2857142984867096,0.0
2,0.06178117842970213,46.941015107257115,0.16332745913511063,17.26971221197341,0.14846591651439667,0.1489635705947876,0.2857142984867096,0.0
3,0.06110987831244885,47.06337563922156,0.1629651679772872,18.648249758131588,0.14329764246940613,0.13146334886550903,0.2857142984867096,0.0
4,0.06271036772006194,47.056030856519804,0.13854856303954668,17.674895950288864,0.14197707176208496,0.10232649743556976,0.2857142984867096,0.0
5,0.06470035500394317,47.39184379877556,0.09969179871293879,14.458581607839973,0.14619550108909607,0.07038004696369171,0.2857142984867096,0.0
6,0.06687020082829857,48.49752520446246,0.09525260259926847,17.777116300237594,0.14813879132270813,0.08276764303445816,0.2857142984867096,0.0
7,0.06795152707806591,49.518332134886506,0.10658038474045757,17.057435571467636,0.15088005363941193,0.06800989806652069,0.2857142984867096,0.0
8,0.06835269033121236,50.434691432851814,0.11394013581566065,15.642010186572218,0.1527336686849594,0.06880588084459305,0.2857142984867096,0.0
9,0.06889110122898796,51.279885811031356,0.11643815313785799,13.771667228809854,0.15345005691051483,0.05674957111477852,0.2857142984867096,0.0
10,0.06936159278637194,51.97052298976832,0.1048647144676201,10.857408894640246,0.15404947102069855,0.04241235926747322,0.2857142984867096,0.0
11,0.07024709932640866,52.44793952034549,0.0754167677980147,8.744224075443599,0.15405580401420593,0.043591178953647614,0.2857142984867096,0.0
12,0.07117052315726359,52.69062217017462,0.05363829600843518,10.39024358991889,0.15511959791183472,0.043305229395627975,0.2857142984867096,0.0
13,0.07310758414917908,52.63208256448199,0.04842354758917461,14.552874182457275,0.1593058854341507,0.041978463530540466,0.2857142984867096,0.0
14,0.0736672144845963,52.822080707341925,0.04646043255911689,16.012376134115907,0.16048769652843475,0.03863248974084854,0.2857142984867096,0.0
15,0.07424892539190023,53.2986637659343,0.04287924429801588,15.888888458977986,0.16033832728862762,0.03522974252700806,0.2857142984867096,0.0
16,0.07421833068231562,54.05092484967989,0.0373633653858607,15.43646274091265,0.1603063941001892,0.03174060583114624,0.2857142984867096,0.0
17,0.07479689228065156,54.65222476110607,0.029887115524796243,23.995400694961635,0.15999174118041992,0.02753065526485443,0.2857142984867096,0.0
18,0.07627702878365464,55.25852253073312,0.037455838151509206,52.024749491801984,0.1583012342453003,0.06775267422199249,0.2857142984867096,0.0
19,0.07731958680845002,56.28692484519376,0.0457231109361405,50.72900143240679,0.15894798934459686,0.06418238580226898,0.2857142984867096,0.0
20,0.07859383261075203,57.682414462631684,0.059694248681912525,36.563678622916534,0.16088604927062988,0.10342275351285934,0.2857142984867096,0.0
21,0.07987764375509454,59.1857292830088,0.06690590178522629,36.26964293002186,0.1636740267276764,0.08598712831735611,0.2857142984867096,0.0
22,0.08161806778913884,60.582840604951556,0.06838812756880454,38.74784398139128,0.16618973016738892,0.08368838578462601,0.2857142984867096,0.0
23,0.08349347664224632,61.36381395993176,0.07018139020040744,41.39213200244085,0.16373339295387268,0.0823764055967331,0.2857142984867096,0.0
24,0.08487530928542375,61.0049367293569,0.073969303730395,37.539278744502916,0.16002920269966125,0.12307103723287582,0.2857142984867096,0.0
25,0.08567702731288193,59.4398647432782,0.07331892194897535,46.90106344555636,0.15461185574531555,0.15265218913555145,0.2857142984867096,0.1428571492433548
26,0.08151354692167342,60.56187784533816,0.06911269155364723,55.95245196313626,0.1654941737651825,0.17655350267887115,0.2857142984867096,0.1428571492433548
27,0.0688927658517279,59.049370106151144,0.06451710980665096,59.385708397532845,0.18045558035373688,0.18388262391090393,0.1428571492433548,0.1428571492433548
28,0.05710350358323175,63.03008605985677,0.05453314795000735,61.80711727721166,0.19253386557102203,0.1873866617679596,0.1428571492433548,0.1428571492433548
29,0.052151203575967066,61.71863895324394,0.04458821502531909,63.719139578159165,0.17693699896335602,0.1979767382144928,0.1428571492433548,0.1428571492433548
30,0.05053054218568156,64.61130652635241,0.03829688999318596,65.75226042907201,0.18160924315452576,0.20315887033939362,0.1428571492433548,0.1428571492433548
31,0.05339653280108653,62.34926772973563,0.034051503059627584,67.55658743241392,0.1751849204301834,0.20887941122055054,0.1428571492433548,0.1428571492433548
32,0.05796458025922852,63.673649104839754,0.030619465682585292,69.06067686540477,0.16953378915786743,0.21345123648643494,0.1428571492433548,0.1428571492433548
33,0.07300516262880603,61.13395127835555,0.028048711680146655,70.25859885133585,0.15578147768974304,0.21762177348136902,0.1428571492433548,0.1428571492433548
34,0.08556588117460749,60.16194697216045,0.026554781922828587,71.07953291837867,0.1519821584224701,0.22001446783542633,0.1428571492433548,0.1428571492433548
35,0.09154141291803507,58.84091480152808,0.025871013169949487,71.72453232445,0.15605027973651886,0.22096270322799683,0.1428571492433548,0.1428571492433548
36,0.09025058798256609,58.2278542009778,0.02638793047248216,72.55178520745011,0.1560652256011963,0.22260792553424835,0.1428571492433548,0.1428571492433548
37,0.08556308150156465,58.24400832225961,0.027519295924627304,73.48130743370118,0.154838427901268,0.22276484966278076,0.2857142984867096,0.1428571492433548
38,0.0808016652197156,58.67497841272598,0.028455937798978717,73.77304601926082,0.15331107378005981,0.2209891974925995,0.2857142984867096,0.1428571492433548
39,0.0785063305788459,58.85200526219996,0.03166680611038717,66.65477817521342,0.15399980545043945,0.1977270543575287,0.2857142984867096,0.1428571492433548
40,0.07840311286098706,58.78502738226329,0.03511891282037111,65.43939307084918,0.1544065922498703,0.18793503940105438,0.2857142984867096,0.1428571492433548
41,0.07970101098274517,58.40806386258694,0.0391773164870941,65.52535990882016,0.1539457142353058,0.19504858553409576,0.2857142984867096,0.0
42,0.08077167285281543,57.846885568231066,0.04593168173720275,64.65084446310816,0.15318524837493896,0.2581344246864319,0.2857142984867096,0.0
43,0.08088520750516737,57.415085957647925,0.04467489433247317,60.65975215988766,0.15344133973121643,0.2298412322998047,0.2857142984867096,0.1428571492433548
44,0.08015152474099689,57.12958476080361,0.04721735795594531,65.2220991891703,0.1538880169391632,0.40043410658836365,0.2857142984867096,0.0
45,0.07918567334270603,56.750233381040196,0.053659292631764076,67.95168585711329,0.1527848094701767,0.3263026773929596,0.2857142984867096,0.0
46,0.07812093059340056,56.763931542502284,0.04629622032258052,66.80419351704869,0.1526835709810257,0.6097802519798279,0.2857142984867096,0.0
47,0.07731021280013067,56.73120649524815,0.05360845255636998,71.16711626300034,0.1527523547410965,0.5668808817863464,0.2857142984867096,0.0
48,0.07706907854511345,56.65920498845176,0.05506813059967181,57.37620430623777,0.15289859473705292,0.8403590321540833,0.2857142984867096,0.0
49,0.07722129753327947,56.55088991356088,0.06452165730905804,65.38640577180763,0.15297344326972961,0.797187089920044,0.2857142984867096,0.0
50,0.07732793887823436,56.392646234352085,0.06928248357916118,51.067937712991004,0.1531302034854889,0.9937417507171631,0.2857142984867096,0.0
51,0.07743889635734517,56.01712097214348,0.07473011415953956,54.63766390360252,0.1527099460363388,0.8857409954071045,0.2857142984867096,0.0
52,0.07686758797854255,55.759761458235346,0.07922566757521066,40.43183635433929,0.1523512899875641,0.9252942800521851,0.2857142984867096,0.0
53,0.07587588771370125,55.197991594824806,0.08090478186081568,43.736618653919344,0.1509118378162384,0.8213625550270081,0.2857142984867096,0.0
54,0.07507688343024643,54.4103882564824,0.086552249219334,32.11173902488964,0.14964699745178223,0.7917042374610901,0.2857142984867096,0.0
55,0.07418888355473331,54.34155967033338,0.08274509396875708,35.98324830291696,0.1486624926328659,0.7012268900871277,0.2857142984867096,0.0
56,0.07368983080810898,54.17278375069613,0.0814500267274577,33.33340393588123,0.14827677607536316,0.6650540828704834,0.2857142984867096,0.0
57,0.07365026574412731,54.73759473081878,0.07428726313966368,40.19524319398425,0.14989624917507172,0.7092706561088562,0.2857142984867096,0.0
58,0.0740531345255208,54.347521885760536,0.08188110617419161,47.67067361494919,0.14876866340637207,0.7574635744094849,0.2857142984867096,0.0
59,0.07437328843046177,54.31472351223676,0.10465987396654455,57.56101424706705,0.14875340461730957,0.890160858631134,0.2857142984867096,0.0
60,0.07423585822503144,54.370402830335394,0.13046751585533256,57.708406346210495,0.14898920059204102,0.84051913022995,0.2857142984867096,0.0
61,0.07415793086973492,54.38900617665307,0.15054778131117677,54.86795708851713,0.15080015361309052,0.7442184686660767,0.2857142984867096,0.0
62,0.07388527107579267,54.20026299693148,0.17251757764883513,48.756527910824886,0.1514531373977661,0.7491132020950317,0.2857142984867096,0.0
63,0.07388992072906575,54.37124408954584,0.17344336962440332,38.60135315771887,0.15337960422039032,0.21905221045017242,0.2857142984867096,0.0
64,0.07334984776418434,53.96529932628719,0.1824303546442548,32.06326051603965,0.1526694893836975,0.34761422872543335,0.2857142984867096,0.0
65,0.07269604768101089,53.889825778172124,0.1652362401763858,23.069841789697534,0.15328125655651093,0.09380688518285751,0.2857142984867096,0.0
66,0.07298267703803281,54.3801885494004,0.14004067489973812,23.775430944697455,0.15433284640312195,0.1647205352783203,0.2857142984867096,0.0
67,0.0741593481724621,54.81499918817732,0.13436131269528775,20.22488423194698,0.15519581735134125,0.46560317277908325,0.2857142984867096,0.0
68,0.07466885130116759,54.758858370792815,0.12292798332725369,26.170799326329227,0.15508465468883514,0.25834834575653076,0.2857142984867096,0.0
69,0.0748184292135647,54.574280913400976,0.12136004140925145,28.350435087830434,0.15433329343795776,0.464033842086792,0.2857142984867096,0.0
70,0.07457144674699788,54.12663745236612,0.11899328692691603,33.40192087304177,0.1527423858642578,0.29878467321395874,0.2857142984867096,0.0
71,0.0742999048267515,54.1505087658338,0.1181561839886641,40.58518539045114,0.15209011733531952,0.350727915763855,0.2857142984867096,0.0
72,0.07375906301211649,54.022747244279664,0.1143036853998981,50.12876403140535,0.15046833455562592,0.34646767377853394,0.2857142984867096,0.0
73,0.07356427972915629,53.675607251877494,0.10958813973892509,59.61658506369593,0.1501065343618393,0.39916881918907166,0.2857142984867096,0.0
74,0.07367980221459267,53.62384272189408,0.11042768697260823,58.540027250717074,0.14920197427272797,0.4194871485233307,0.2857142984867096,0.0
75,0.07445825757629938,54.320844088881195,0.10721686645343659,58.821288629695246,0.14936695992946625,0.4038902521133423,0.2857142984867096,0.0
76,0.07476846183022084,55.04606975523416,0.10795599343457593,58.979374465642366,0.150382861495018,0.4077708125114441,0.2857142984867096,0.1428571492433548
77,0.07550043772824161,54.888884510819544,0.11072268746427595,58.47912893702619,0.14972594380378723,0.4431035816669464,0.2857142984867096,0.1428571492433548
78,0.07622083956106655,55.350385948757726,0.11275420839076165,57.59292459553762,0.1505621075630188,0.4561800956726074,0.2857142984867096,0.1428571492433548
79,0.07653339982548507,55.3560514108189,0.11530058281072632,56.85313275818261,0.15149371325969696,0.46513259410858154,0.2857142984867096,0.1428571492433548
80,0.07650412810652013,55.69703303196697,0.11634924162516186,56.24362507366794,0.15248534083366394,0.4741542935371399,0.2857142984867096,0.1428571492433548
81,0.07668971259967715,55.92205627815265,0.11722032366167988,55.23978104273412,0.15275156497955322,0.485686719417572,0.2857142984867096,0.1428571492433548
82,0.07713747384040334,56.21974505139999,0.11711152452809183,54.66001307970197,0.15450412034988403,0.4688469469547272,0.2857142984867096,0.1428571492433548
83,0.07792051801127184,57.13751134815292,0.11788100712789616,54.014456846235966,0.1544659435749054,0.4859336018562317,0.2857142984867096,0.1428571492433548
84,0.0794349016701911,57.88122412719829,0.11902788688688881,53.66930008578526,0.1525292992591858,0.491208553314209,0.2857142984867096,0.1428571492433548
85,0.08057631107658604,57.69456409799516,0.11789938130306045,53.41625954175078,0.1522703617811203,0.49752163887023926,0.2857142984867096,0.1428571492433548
86,0.08046777330704635,57.65063936928856,0.11783235914904147,52.953566370057324,0.15192337334156036,0.5335608124732971,0.2857142984867096,0.1428571492433548
87,0.08016507577191355,57.68193986478727,0.11791860627698038,52.52312756726461,0.1524980366230011,0.5627678632736206,0.2857142984867096,0.1428571492433548
88,0.07970140113179873,58.414543390547855,0.11715560582164568,51.721343713365634,0.15371771156787872,0.5828653573989868,0.2857142984867096,0.1428571492433548
89,0.08033719000653211,58.90513894307773,0.11832915029380273,49.718881427664805,0.15449242293834686,0.6344727277755737,0.2857142984867096,0.1428571492433548
90,0.08075358306594453,59.41802377686804,0.11816957092876115,48.80587672680531,0.15514355897903442,0.6045908331871033,0.2857142984867096,0.1428571492433548
91,0.08118357759189974,59.55136421945465,0.11770721738880809,46.783596468177976,0.15545684099197388,0.6446967124938965,0.2857142984867096,0.1428571492433548
92,0.0816237630733703,59.532082368119674,0.1185776465899107,44.73038344390143,0.1553729623556137,0.6397326588630676,0.2857142984867096,0.1428571492433548
93,0.08201561769715059,59.58527141589453,0.11796699240723263,44.07679075656206,0.15643846988677979,0.5991553664207458,0.2857142984867096,0.1428571492433548
94,0.0827433456518113,60.017210304855155,0.11984899154658475,39.919180550478785,0.15833044052124023,0.6974993348121643,0.2857142984867096,0.1428571492433548
95,0.08362679518242441,59.633422648831626,0.11601878825795267,42.4000700044444,0.1527920961380005,0.6260414123535156,0.2857142984867096,0.1428571492433548
96,0.083213321032516,59.72207040262549,0.11805928026329808,41.6305378009355,0.15479519963264465,0.7088984847068787,0.2857142984867096,0.1428571492433548
97,0.08328875944458099,58.64761643709137,0.11586006780748184,41.796452646135904,0.15126395225524902,0.6723525524139404,0.2857142984867096,0.1428571492433548
98,0.0805114260694117,59.05327724119703,0.1281045760643926,33.23878072078348,0.15799391269683838,0.8374126553535461,0.2857142984867096,0.1428571492433548
99,0.07949686389750515,58.51260061703609,0.11755663310359868,35.315002742514,0.15221266448497772,0.5972999930381775,0.2857142984867096,0.1428571492433548
100,0.07498800619312285,59.92950626031135,0.11045708718515834,39.58237610495271,0.1648045778274536,0.8103215098381042,0.2857142984867096,0.1428571492433548
101,0.07211254077090737,57.23301430587791,0.1253479456942114,35.50764289506773,0.1553671807050705,0.8630871772766113,0.2857142984867096,0.1428571492433548
102,0.06649283620135867,60.580634185684126,0.1272588570286917,40.49435692863616,0.1853705793619156,0.5730732083320618,0.2857142984867096,0.1428571492433548
103,0.06421140986577013,57.791790656676206,0.13295258160369466,40.555457019892245,0.15771161019802094,0.6632589101791382,0.1428571492433548,0.1428571492433548
104,0.06136348401154024,60.57104026467939,0.12364650600600641,44.566095333431356,0.19523149728775024,0.49282994866371155,0.1428571492433548,0.1428571492433548
105,0.06172046436585833,56.71328202778929,0.12572321110646098,42.58788090751318,0.1566106528043747,0.6261321902275085,0.1428571492433548,0.1428571492433548
106,0.05940308919118563,57.97749275054194,0.13805887604044012,36.5973508254893,0.21529991924762726,0.7882958054542542,0.1428571492433548,0.1428571492433548
107,0.059064471118887435,55.93602619686192,0.13420833730122858,40.31171713312135,0.15839409828186035,0.3634661138057709,0.1428571492433548,0.1428571492433548
108,0.05467541226104352,57.89766170236589,0.13051467407805908,37.90305826032871,0.2057565152645111,0.36079561710357666,0.1428571492433548,0.1428571492433548
109,0.053842575735532305,54.67628089249555,0.12404735870510591,38.01193257756767,0.15503548085689545,0.19176122546195984,0.1428571492433548,0.1428571492433548
110,0.050740684476812285,56.54913421915873,0.11732378503707475,37.51645340554293,0.17926307022571564,0.12708856165409088,0.1428571492433548,0.1428571492433548
111,0.05069571467868832,52.85773215006782,0.11383778438720547,38.06138853068517,0.14841732382774353,0.13686123490333557,0.1428571492433548,0.1428571492433548
112,0.048106113524416017,54.583607395058664,0.1113231647955885,39.007520902005815,0.16477903723716736,0.1257822960615158,0.1428571492433548,0.1428571492433548
113,0.050376931998730966,51.82823165765318,0.1083760684368106,38.74478529723339,0.13977506756782532,0.1339331865310669,0.1428571492433548,0.1428571492433548
114,0.04859703046853748,54.132596929905496,0.1090808516164734,38.42801569794769,0.16391046345233917,0.1538153439760208,0.2857142984867096,0.1428571492433548
115,0.05388173124620518,51.71107053335353,0.11027638515904255,38.21957174473191,0.13815703988075256,0.2018577754497528,0.1428571492433548,0.1428571492433548
116,0.051887667809766676,54.048536687796684,0.1115884950872438,38.05952379562607,0.17571450769901276,0.23836924135684967,0.4285714626312256,0.1428571492433548
117,0.044442754351421934,52.1439968944335,0.10959838616285522,38.90819119298485,0.15635402500629425,0.3052898049354553,0.1428571492433548,0.1428571492433548
118,0.03567956042102966,55.18751621697886,0.10660833721627869,40.11861072641587,0.1925150454044342,0.3932068943977356,0.1428571492433548,0.1428571492433548
119,0.03332503576710145,53.724408015749795,0.10590891187986087,43.65854882007212,0.15814924240112305,0.38348251581192017,0.1428571492433548,0.1428571492433548
120,0.031564756455862694,56.385030095381204,0.10767754635426446,40.7017148379705,0.22099918127059937,0.4529992341995239,0.1428571492433548,0.1428571492433548
121,0.03132450859690026,53.828210849183925,0.1091108845319971,40.43478156861565,0.1685805469751358,0.3903127908706665,0.1428571492433548,0.1428571492433548
122,0.030464873609178503,56.04230517274525,0.11039428640452424,39.538032755558696,0.23215444386005402,0.42043864727020264,0.1428571492433548,0.1428571492433548
123,0.03066906153381735,54.170229548449335,0.10748410692991667,43.14947931430141,0.1743040829896927,0.3407541513442993,0.1428571492433548,0.1428571492433548
124,0.029886144417418666,57.09592085330735,0.10939123545842164,41.80757704224783,0.2422986775636673,0.427499920129776,0.1428571492433548,0.1428571492433548
125,0.03020194174372284,55.72025643237418,0.10933627900862868,42.49715563606106,0.1831159144639969,0.3675977885723114,0.1428571492433548,0.1428571492433548
126,0.029298817760462472,58.92795142235321,0.11159039038108971,42.490952351938844,0.24133534729480743,0.3811289370059967,0.1428571492433548,0.1428571492433548
127,0.02901463455295109,57.62472245859442,0.10868688608057836,43.40114327090493,0.18671384453773499,0.4409468173980713,0.1428571492433548,0.1428571492433548
128,0.02796652543560356,60.757488578871055,0.10663235721476125,43.17665857988612,0.2227787971496582,0.41692692041397095,0.1428571492433548,0.1428571492433548
129,0.027608875699543484,59.12763304340827,0.1061446177588357,42.66816689076423,0.18658100068569183,0.4097318947315216,0.1428571492433548,0.1428571492433548
130,0.02741909450674669,61.90950478336945,0.10821752793487155,43.00832121319011,0.21521911025047302,0.46136409044265747,0.1428571492433548,0.1428571492433548
131,0.02813423228462832,60.56696553999168,0.10998225994809095,43.465010070588,0.19075264036655426,0.40213921666145325,0.1428571492433548,0.1428571492433548
132,0.029394369221094462,63.445379417443036,0.11171952624662307,43.633749022247386,0.23286892473697662,0.4449375569820404,0.1428571492433548,0.1428571492433548
133,0.029958644617273576,61.16319347623141,0.11292529246842517,43.42410433016174,0.198221355676651,0.39430877566337585,0.1428571492433548,0.1428571492433548
134,0.03146292177181525,63.84553376844128,0.11343104231142306,43.49416299394227,0.2511321008205414,0.40327468514442444,0.1428571492433548,0.1428571492433548
135,0.03190362204789298,62.65264167778847,0.11390790936025684,43.811268901794044,0.20961877703666687,0.4050687551498413,0.1428571492433548,0.1428571492433548
136,0.03349999988252224,65.6398133221753,0.11556978411843434,43.795907128191295,0.25589409470558167,0.40312322974205017,0.2857142984867096,0.1428571492433548
137,0.03466333548637187,64.48220870050201,0.11887050301691429,44.11525621271928,0.2213619202375412,0.4047149419784546,0.1428571492433548,0.1428571492433548
138,0.03906996650466556,67.5590739674662,0.11976396646791074,43.841830498864375,0.2638525366783142,0.407014399766922,0.2857142984867096,0.1428571492433548
139,0.04287331074616018,66.64471940079177,0.11978772398502024,44.19835278492344,0.22005289793014526,0.44467100501060486,0.1428571492433548,0.1428571492433548
140,0.04703479574531683,69.8394533801391,0.12068522046973025,43.611347153580894,0.2572382390499115,0.4250889718532562,0.2857142984867096,0.1428571492433548
141,0.047000674843333284,68.15895921442274,0.1206507933962304,43.57019538457368,0.22632119059562683,0.44308194518089294,0.1428571492433548,0.1428571492433548
142,0.05016668075422704,71.54088163384577,0.12141654098184368,43.79171897463642,0.25906363129615784,0.4719652533531189,0.2857142984867096,0.1428571492433548
143,0.05103542365023354,71.07196670753393,0.12128013686434762,44.905325626167546,0.23282106220722198,0.4563939571380615,0.1428571492433548,0.1428571492433548
144,0.051246200958164054,73.56746871526741,0.12381506632687306,43.726505500259925,0.2484547197818756,0.5359264612197876,0.2857142984867096,0.1428571492433548
145,0.04616796597020447,72.08713640374899,0.12148465917810071,46.52811569864116,0.23258675634860992,0.46372008323669434,0.1428571492433548,0.1428571492433548
146,0.04507399512748796,73.98878441849844,0.12541277805459738,42.46582562761313,0.23483580350875854,0.5530344843864441,0.2857142984867096,0.1428571492433548
147,0.04366383203800192,72.71892700206674,0.12115091619593488,45.935969921001636,0.23163820803165436,0.46838074922561646,0.1428571492433548,0.1428571492433548
148,0.04511936893371039,73.58807663037368,0.12608696451826656,42.62411867017831,0.24226967990398407,0.5874946117401123,0.2857142984867096,0.1428571492433548
149,0.04490754966209822,72.26171999289748,0.12503858160821604,45.45040657326784,0.2306201457977295,0.47830092906951904,0.1428571492433548,0.1428571492433548
150,0.0450800491723558,73.41870228211516,0.13038893535819202,41.78619052274198,0.24622823297977448,0.5793427228927612,0.2857142984867096,0.1428571492433548
151,0.04279164519845213,71.2197718604847,0.12634110350773464,45.309960706818,0.22958096861839294,0.4516054689884186,0.1428571492433548,0.1428571492433548
152,0.04566870439112508,72.94564409315765,0.13115759367759092,40.82589585663522,0.2536574900150299,0.5349801182746887,0.2857142984867096,0.1428571492433548
153,0.048229015018743354,70.9788091388132,0.12543762521227175,43.41034842010542,0.23110607266426086,0.4237842261791229,0.1428571492433548,0.1428571492433548
154,0.050315555686285755,72.12534883622718,0.12792674817824548,41.50460335437837,0.2531778812408447,0.5016984343528748,0.2857142984867096,0.1428571492433548
155,0.051040621216212605,70.12964720611028,0.12513249729357726,42.80890987386297,0.23344428837299347,0.39819157123565674,0.1428571492433548,0.1428571492433548
156,0.054395639482846224,72.83819228419338,0.12548186438593426,41.34652509769582,0.26100239157676697,0.45849794149398804,0.2857142984867096,0.1428571492433548
157,0.05814419581272971,69.97779687914938,0.12340411169512519,41.24879076692812,0.23408761620521545,0.3813958466053009,0.1428571492433548,0.1428571492433548
158,0.06024338518093899,72.81019657314278,0.12245567142803274,40.79105366929978,0.2499723583459854,0.36509984731674194,0.2857142984867096,0.1428571492433548
159,0.062438764126125056,69.89559712091842,0.12045109418625322,41.15380359901698,0.23406268656253815,0.3803706467151642,0.1428571492433548,0.1428571492433548
160,0.06338918098467741,70.76409500206593,0.11898558457892706,41.142196219654245,0.23994429409503937,0.3479730188846588,0.2857142984867096,0.1428571492433548
161,0.06820669268434017,68.1214882238563,0.11987586138089633,41.61921855683022,0.22885292768478394,0.3415374457836151,0.1428571492433548,0.1428571492433548
162,0.07119135301388643,68.86988643507371,0.11933159715085918,41.90516936353368,0.25154241919517517,0.3099063038825989,0.2857142984867096,0.1428571492433548
163,0.07561421836011538,64.54543817975706,0.11462354814066243,43.762462923026675,0.22466057538986206,0.3075106739997864,0.2857142984867096,0.1428571492433548
164,0.07981845220479729,67.19204378645948,0.11215280590316924,43.21469979355705,0.2707168757915497,0.3021429777145386,0.2857142984867096,0.1428571492433548
165,0.0847743807149178,64.79595006872059,0.1084993898604586,43.29522166230666,0.23489323258399963,0.28388142585754395,0.1428571492433548,0.1428571492433548
166,0.08669026571396896,67.90251954364504,0.10814642379592258,43.641472454956045,0.274629682302475,0.28223520517349243,0.2857142984867096,0.1428571492433548
167,0.09054862996428158,65.62387261091264,0.1065864386345416,43.79194539145207,0.24376912415027618,0.25194305181503296,0.2857142984867096,0.1428571492433548
168,0.09049593662206626,69.1355828020246,0.10393108861719369,44.01942572237468,0.27473971247673035,0.2554798722267151,0.2857142984867096,0.1428571492433548
169,0.09206947039351764,67.30541723066509,0.10088954357433998,44.44114654797434,0.24605363607406616,0.27972620725631714,0.2857142984867096,0.1428571492433548
170,0.09186725164181041,70.56261921777558,0.10110377984740067,44.68835783224834,0.2622028589248657,0.2910533845424652,0.2857142984867096,0.1428571492433548
171,0.09178721227245795,68.80799580654127,0.09848711429281774,44.373528710117675,0.24424485862255096,0.2889682948589325,0.2857142984867096,0.1428571492433548
172,0.09026406526262143,72.0815031360951,0.09907741934614282,43.895875714202916,0.25347787141799927,0.2854921817779541,0.2857142984867096,0.1428571492433548
173,0.09019317266464202,71.26169759863453,0.100493041154962,43.719081392979405,0.24427789449691772,0.2867862582206726,0.2857142984867096,0.1428571492433548
174,0.08815169011492684,75.23439938666016,0.10226441275108308,43.510420640137866,0.25070521235466003,0.2931234836578369,0.2857142984867096,0.1428571492433548
175,0.08586776874421834,73.69426946131937,0.10095073164159024,43.31331663165597,0.24127204716205597,0.2937183976173401,0.2857142984867096,0.1428571492433548
176,0.0836159023636991,75.88107677849987,0.10286945274590836,43.01250791408517,0.241819828748703,0.2910098433494568,0.2857142984867096,0.1428571492433548
177,0.08161024543236879,74.10473672596392,0.10367174065458747,43.000459649249805,0.23478354513645172,0.29495805501937866,0.2857142984867096,0.1428571492433548
178,0.07974716430729933,76.36925785305671,0.10618303316499404,42.87253404626302,0.23084694147109985,0.3056716024875641,0.2857142984867096,0.1428571492433548
179,0.08094760254403652,75.24140176877575,0.10783827406475578,42.52195167548815,0.2288971096277237,0.3061754107475281,0.2857142984867096,0.1428571492433548
180,0.08072121700408733,76.0974811614084,0.10932877073835552,42.55405624223295,0.22580678761005402,0.30539876222610474,0.2857142984867096,0.1428571492433548
181,0.0861047689664228,73.36417674754115,0.10997162966186579,42.7373972327,0.20818977057933807,0.3056325912475586,0.2857142984867096,0.1428571492433548
182,0.08942467037504688,73.07292610679463,0.11147416211741051,42.41914774606478,0.21601052582263947,0.30154263973236084,0.2857142984867096,0.1428571492433548
183,0.09464741673873542,70.5028314033294,0.11131048591045643,42.01977692954585,0.18804986774921417,0.29948195815086365,0.2857142984867096,0.1428571492433548
184,0.09509986536244643,70.03848710839856,0.11091681751891912,41.96845543432181,0.1918710321187973,0.3038763701915741,0.2857142984867096,0.1428571492433548
185,0.09302526250516513,68.21443135313179,0.11009078957770504,41.87541449343474,0.18291468918323517,0.3128931224346161,0.2857142984867096,0.1428571492433548
186,0.08885448618563585,68.25062824447271,0.11172600838681171,41.201667664063876,0.18467089533805847,0.3335707485675812,0.2857142984867096,0.1428571492433548
187,0.08683551196603269,67.07515823064952,0.11053033698748439,41.148901341228765,0.18556393682956696,0.35239049792289734,0.2857142984867096,0.1428571492433548
188,0.08898629494535734,70.20806906514899,0.111328368813657,40.44278797968794,0.22530481219291687,0.35928642749786377,0.2857142984867096,0.1428571492433548
189,0.08650036530058881,68.52664570186451,0.1106909241617159,40.49663781815672,0.23409207165241241,0.3521587550640106,0.2857142984867096,0.1428571492433548
190,0.08181892709755507,71.49318540646358,0.11190651254916166,40.09028948385198,0.24264365434646606,0.36145275831222534,0.2857142984867096,0.1428571492433548
191,0.08012117576708157,70.75399426374553,0.1123243947660823,40.114446373831754,0.241167351603508,0.35236823558807373,0.1428571492433548,0.1428571492433548
192,0.07551102875093615,74.52485394115084,0.1140309105689431,39.519510218801365,0.2622051239013672,0.35725152492523193,0.2857142984867096,0.1428571492433548
193,0.07309676982549562,74.85756957769428,0.11587595453018784,39.86783073633525,0.2515406012535095,0.36485666036605835,0.2857142984867096,0.1428571492433548
194,0.07140677044803177,78.96920293144805,0.11716343874486472,39.45279421443162,0.27467355132102966,0.3812183141708374,0.2857142984867096,0.1428571492433548
195,0.07137773511845003,78.68156901068849,0.11984100020680087,39.33653886653975,0.2580106258392334,0.4049009084701538,0.1428571492433548,0.1428571492433548
196,0.07042039328977942,82.02725453315566,0.12096850570689666,39.240546665284995,0.2711217999458313,0.4263365864753723,0.2857142984867096,0.1428571492433548
197,0.0680707789001734,80.89446176921444,0.12126939556525153,39.0493834183231,0.25807324051856995,0.42733433842658997,0.1428571492433548,0.1428571492433548
198,0.06744045309228915,84.14745221339128,0.12173094078732143,38.667057067427734,0.26365965604782104,0.4628015458583832,0.2857142984867096,0.1428571492433548
199,0.0656174710900186,82.88044682979265,0.12137219520938376,38.25497839805812,0.2574729323387146,0.46872058510780334,0.1428571492433548,0.1428571492433548
200,0.06606884352624132,84.73556736342533,0.12206671955562562,37.409646946282145,0.2600311040878296,0.45583489537239075,0.2857142984867096,0.1428571492433548
201,0.06613951053564764,82.78511162858189,0.12009391151897213,36.73636999561561,0.2530277371406555,0.4880073666572571,0.1428571492433548,0.1428571492433548
202,0.06601539984510109,82.58988086328394,0.1159016816735652,37.86736070291405,0.24684226512908936,0.34554749727249146,0.2857142984867096,0.1428571492433548
203,0.06924032989074053,80.44965321102421,0.11999091506059992,34.909355461185164,0.23689599335193634,0.44629740715026855,0.2857142984867096,0.1428571492433548
204,0.07218980079722044,79.24989850185452,0.11383811318266453,36.976217743217404,0.24430948495864868,0.3196983337402344,0.2857142984867096,0.1428571492433548
205,0.07874726252155155,75.5497580834141,0.11435225202452842,35.733333715200175,0.22233441472053528,0.4132973253726959,0.2857142984867096,0.1428571492433548
206,0.08396299672457337,73.14210171857162,0.11020586649838908,35.397269487510464,0.24597987532615662,0.3175869584083557,0.2857142984867096,0.1428571492433548
207,0.0915307507849261,68.15579739665836,0.10896721164888268,36.36247114482365,0.20465627312660217,0.33036962151527405,0.2857142984867096,0.1428571492433548
208,0.09604374607345022,68.63861986722587,0.1030669137491968,49.98395350605367,0.2482338547706604,0.3203202188014984,0.2857142984867096,0.1428571492433548
209,0.10126994755036134,66.84574072563656,0.10104376140773498,40.649249246150475,0.20916731655597687,0.2326454371213913,0.2857142984867096,0.1428571492433548
210,0.1020113530739075,68.34831305021146,0.09766434841277906,35.59061299837931,0.24911193549633026,0.17044313251972198,0.2857142984867096,0.1428571492433548
211,0.10366262073643163,64.6737110054784,0.09382315449590012,36.08114423073415,0.20747707784175873,0.13507017493247986,0.2857142984867096,0.1428571492433548
212,0.10263647439728056,67.12069078223948,0.0901252559108706,36.62769372532695,0.26298093795776367,0.12742148339748383,0.2857142984867096,0.1428571492433548
213,0.10244972704858442,65.00743269013657,0.08408555476957605,37.7896494028079,0.21378931403160095,0.11116355657577515,0.2857142984867096,0.1428571492433548
214,0.10004009769321537,67.6345423992913,0.07904450500657334,40.45681258531172,0.2616960406303406,0.103441022336483,0.2857142984867096,0.1428571492433548
215,0.09787756105604915,65.7308390451853,0.0761861146934827,62.93187305554136,0.21857374906539917,0.20683406293392181,0.2857142984867096,0.1428571492433548
216,0.09325491120220819,68.84638777103204,0.06822109579911788,47.93810197321821,0.2598578631877899,0.0820901170372963,0.2857142984867096,0.0
217,0.08993569803376354,66.9785133310658,0.06437703701266534,45.12167964750966,0.2224322259426117,0.06418198347091675,0.2857142984867096,0.0
218,0.08538555792482073,69.37431293350231,0.060938288609352256,46.285352231953944,0.25365543365478516,0.07019564509391785,0.2857142984867096,0.0
219,0.08314465671694211,67.35771236310609,0.07587652902098231,42.9257978855233,0.22086484730243683,0.957646369934082,0.2857142984867096,0.0
220,0.07987600819498115,71.07721006798332,0.09667844691556073,43.26742887154796,0.2532042860984802,3.6316497325897217,0.2857142984867096,0.0
221,0.07859671580059452,70.22644041240628,0.1023686037939372,42.66741345162121,0.22510458528995514,0.6074193120002747,0.2857142984867096,0.0
222,0.07413895254753576,72.01940675246793,0.11135136150497366,40.97112364121461,0.2375437319278717,0.15219220519065857,0.2857142984867096,0.0
223,0.07136591746915001,75.18437161332092,0.11001775528508874,40.17818621894714,0.2314528226852417,0.08879367262125015,0.2857142984867096,0.0
224,0.06868866037344547,78.11763609821053,0.10471172088556133,46.00034826426384,0.21578331291675568,0.06587004661560059,0.2857142984867096,0.0
225,0.07484487574218687,77.26525437595183,0.09247887913266563,82.16284288877775,0.21289972960948944,0.15532606840133667,0.2857142984867096,0.0
226,0.08235425630571305,73.99074512894197,0.0665875815613649,79.7085981666815,0.2068159133195877,0.16578169167041779,0.2857142984867096,0.0
227,0.08450978103799724,71.19135589877466,0.06550371749847687,49.203048646228254,0.19894246757030487,0.6258581280708313,0.1428571492433548,0.0
228,0.07849116237045249,67.34224122569651,0.06920632753795386,44.97656155205035,0.1844380795955658,0.48521533608436584,0.1428571492433548,0.0
229,0.07350948585559607,65.40461533889057,0.09041709586787026,42.516292148084105,0.17723043262958527,0.4808843433856964,0.2857142984867096,0.0
230,0.07056177993228169,66.67595078360567,0.10612671391897946,34.138488817174405,0.1825796663761139,0.07545925676822662,0.2857142984867096,0.0
231,0.07017774750967885,68.37822508951952,0.11163618889613396,29.97124014807394,0.18437646329402924,0.08564236015081406,0.2857142984867096,0.1428571492433548
232,0.07181341259072603,69.68925395698095,0.11784593332164653,26.566484516702637,0.18416470289230347,0.08687906712293625,0.2857142984867096,0.0
233,0.07667876994893544,70.44620067980779,0.12060154676063231,24.027030856421003,0.1896895468235016,0.08500483632087708,0.2857142984867096,0.1428571492433548
234,0.0823349882319628,70.38118480769421,0.11736903839328452,21.006267662827558,0.19206692278385162,0.09824453294277191,0.4285714626312256,0.1428571492433548
235,0.08777119096820563,70.560225987438,0.11558924795338717,19.67776820910232,0.19271238148212433,0.0927976593375206,0.4285714626312256,0.1428571492433548
236,0.09243396926492323,70.5761874986131,0.11593983071369673,19.506079317049927,0.1911182701587677,0.0934467539191246,0.4285714626312256,0.1428571492433548
237,0.09473869953324099,71.09187971363764,0.11632872477721798,20.262104036676387,0.19132643938064575,0.09522949159145355,0.4285714626312256,0.1428571492433548
238,0.09676527191721278,71.286106670376,0.12253170720392775,22.327298513577166,0.19174139201641083,0.09989077597856522,0.4285714626312256,0.1428571492433548
239,0.09742677211310605,70.680249736436,0.13038969203000125,23.2925214241338,0.18996141850948334,0.09458313882350922,0.4285714626312256,0.0
240,0.09724779065531561,70.51470942979495,0.1330748310096662,22.41536622313004,0.18952231109142303,0.08615550398826599,0.4285714626312256,0.0
241,0.09663493807117342,69.21659766385211,0.1334832592621952,21.867572064104234,0.18523691594600677,0.08249815553426743,0.4285714626312256,0.0
242,0.09766829125466281,68.38356838562504,0.13148903256645905,21.370908017293434,0.18194647133350372,0.08121518790721893,0.4285714626312256,0.1428571492433548
243,0.09935485550847624,68.0319927991759,0.13118281665446582,21.855611861248526,0.18050719797611237,0.08500733971595764,0.4285714626312256,0.1428571492433548
244,0.10163228103551178,67.94297733725284,0.1347613675502805,22.860157751081324,0.1825273185968399,0.09035754948854446,0.4285714626312256,0.0
245,0.10136123404085698,68.41689607165479,0.13638614858296805,23.864325336687674,0.18393655121326447,0.09468661993741989,0.4285714626312256,0.0
246,0.09806997756480897,69.8292443982324,0.1326798129709947,25.677320296904092,0.19041363894939423,0.1014881357550621,0.4285714626312256,0.0
247,0.09241235975659759,71.64060789434885,0.12852116922872733,28.249622716550647,0.19591020047664642,0.1113382875919342,0.4285714626312256,0.1428571492433548
248,0.08158552858784747,75.0395015734363,0.12478869989668975,33.86017936691766,0.2114810347557068,0.0854596197605133,0.4285714626312256,0.1428571492433548
249,0.07005253077341617,78.46182452498738,0.11813276939233527,34.87646485424633,0.24185819923877716,0.09027696400880814,0.4285714626312256,0.1428571492433548
250,0.06377989807414111,75.97816185150464,0.11281813500120884,39.199211034317116,0.2137698382139206,0.14744150638580322,0.1428571492433548,0.1428571492433548
251,0.05863436581001443,76.1929572661769,0.10671909364778698,45.54108998089648,0.2809178829193115,0.10745690762996674,0.2857142984867096,0.1428571492433548
252,0.05510983373667196,70.35264080305535,0.09382158367097429,49.013192395956416,0.20922726392745972,0.11230427026748657,0.1428571492433548,0.2857142984867096
253,0.0499757485090201,70.81006025099875,0.09254152810849187,48.07517933764398,0.3136059045791626,0.10273288190364838,0.1428571492433548,0.1428571492433548
254,0.0470667096503899,66.24932403707277,0.10004131714199334,49.08251254774945,0.20879879593849182,0.17070145905017853,0.1428571492433548,0.2857142984867096
255,0.04321872068409193,68.37626465660672,0.10905465508849065,50.34844404343566,0.3402805030345917,0.17995737493038177,0.2857142984867096,0.1428571492433548
256,0.04009050069715173,65.31053259261397,0.11158727689774418,51.36916784363866,0.21699681878089905,0.21757015585899353,0.1428571492433548,0.2857142984867096
257,0.03590483617130017,68.10888839714275,0.11700391956672476,52.309593130336886,0.3175821304321289,0.25559601187705994,0.2857142984867096,0.1428571492433548
258,0.03347694771859304,66.35199007761344,0.11752310994916734,52.662351556293046,0.2177799940109253,0.28323131799697876,0.1428571492433548,0.1428571492433548
259,0.03288787219068296,68.77796131029085,0.11782410536323372,52.78338297502026,0.2909378409385681,0.30986902117729187,0.2857142984867096,0.1428571492433548
260,0.03316246874385055,67.19241083100013,0.11874477401582823,52.79820223441069,0.2145177721977234,0.32569319009780884,0.1428571492433548,0.1428571492433548
261,0.034570258117925065,69.64968627570165,0.1155183739949083,52.31840899097684,0.2758829891681671,0.3404141068458557,0.2857142984867096,0.1428571492433548
262,0.03583833848041489,68.57621406474712,0.11708089293616689,51.515831174023255,0.22064024209976196,0.33175432682037354,0.1428571492433548,0.1428571492433548
263,0.03892058282039779,72.4179608208913,0.1192249191181748,50.798340653420986,0.28194841742515564,0.33406272530555725,0.2857142984867096,0.1428571492433548
264,0.04250358158568168,71.71194671446952,0.12323783857589311,49.19483678754099,0.23006793856620789,0.28601932525634766,0.1428571492433548,0.1428571492433548
265,0.04532096678235587,75.8282499244462,0.1256818241489392,48.326880903611396,0.2821148931980133,0.2567721903324127,0.2857142984867096,0.1428571492433548
266,0.04713078171843775,75.80432639281864,0.12985980836781216,48.61458241712491,0.24516578018665314,0.2457544058561325,0.1428571492433548,0.1428571492433548
267,0.04760466269620188,79.86517001140012,0.1323040724457378,49.05873712257756,0.2704516649246216,0.24866659939289093,0.2857142984867096,0.1428571492433548
268,0.04774528961895093,77.64332197927301,0.1344398090059376,49.389617393832566,0.2451416552066803,0.2534254193305969,0.1428571492433548,0.1428571492433548
269,0.046171702645460944,80.41374560287134,0.13407301220974122,49.153655218333704,0.237567737698555,0.25227802991867065,0.2857142984867096,0.1428571492433548
270,0.05047749275785167,78.67331194935016,0.13501334093175987,48.94330455632648,0.22853127121925354,0.24473151564598083,0.2857142984867096,0.1428571492433548
271,0.05484395839470794,80.75416111371956,0.1360089571239477,48.64233841651442,0.23486199975013733,0.26461654901504517,0.2857142984867096,0.1428571492433548
272,0.06536367840129681,77.91874836722997,0.13490433045965244,48.629551415578895,0.21301336586475372,0.2710438668727875,0.2857142984867096,0.1428571492433548
273,0.07320573829357441,78.40709380421276,0.13036341031551374,48.79274100010029,0.22258126735687256,0.26163622736930847,0.2857142984867096,0.1428571492433548
274,0.08114793759871937,77.45414391095684,0.13067126476257448,50.31214559144366,0.20756198465824127,0.2955741882324219,0.2857142984867096,0.1428571492433548
275,0.08648742933144175,75.79644441743007,0.13230899690721767,50.84020313875881,0.20416618883609772,0.34475451707839966,0.2857142984867096,0.1428571492433548
276,0.08717769094274243,75.17876404237731,0.13581888829208946,51.412301596009414,0.20638997852802277,0.408342182636261,0.2857142984867096,0.1428571492433548
277,0.08746974260067306,73.71312283045782,0.1405153761406622,52.281855995635155,0.19780857861042023,0.4902523159980774,0.2857142984867096,0.1428571492433548
278,0.08466043742769819,74.41416540081327,0.14317591823675813,52.67873467196802,0.19865170121192932,0.5692998170852661,0.2857142984867096,0.1428571492433548
279,0.08223832971924923,74.05795138347641,0.14470946492632283,52.295468911578055,0.19516853988170624,0.6300165057182312,0.2857142984867096,0.1428571492433548
280,0.08107191570684152,73.41366116173695,0.14541601364687823,51.516366238346684,0.1927652657032013,0.6757704615592957,0.2857142984867096,0.1428571492433548
281,0.07983659425822104,72.24559219572205,0.14345443041342898,49.4603735811069,0.19021548330783844,0.6426447033882141,0.2857142984867096,0.1428571492433548
282,0.08039592353644087,72.51820827475652,0.1431343784849196,50.8510166713993,0.1930859237909317,0.5865138173103333,0.2857142984867096,0.1428571492433548
283,0.07902198219627127,71.87012972428475,0.1393367035482412,49.5485626528756,0.1890493929386139,0.48260697722435,0.2857142984867096,0.1428571492433548
284,0.07684716056810408,71.14388132531484,0.13488416403479836,48.9568702775706,0.18845292925834656,0.3810332715511322,0.2857142984867096,0.1428571492433548
285,0.07532126653665347,70.9394365370186,0.1329040897383068,48.9622036747096,0.18534187972545624,0.29122647643089294,0.2857142984867096,0.1428571492433548
286,0.07510926794106863,70.13180249890425,0.13216264512155004,49.14689693486924,0.18474717438220978,0.2845369577407837,0.2857142984867096,0.1428571492433548
287,0.0739728531740273,70.1236880295552,0.13029212366771303,48.82483949678013,0.18646499514579773,0.27368003129959106,0.2857142984867096,0.1428571492433548
288,0.07391624171945875,69.42398124419793,0.12897826540929505,48.66729983743347,0.1846538484096527,0.27789533138275146,0.2857142984867096,0.1428571492433548
289,0.07334746132956806,68.09462244906778,0.12602433177413788,48.83685708613066,0.17739905416965485,0.32410532236099243,0.2857142984867096,0.1428571492433548
290,0.07227184868589717,69.20902435017308,0.12516867234853263,48.947531185814796,0.18615402281284332,0.36816972494125366,0.2857142984867096,0.1428571492433548
291,0.06991171363036995,67.8298804336392,0.12405310733566038,48.36736144630943,0.1852763444185257,0.351277619600296,0.1428571492433548,0.1428571492433548
292,0.06695291112325252,69.99553526142498,0.12119628241843076,47.82913774018114,0.20661713182926178,0.32006320357322693,0.2857142984867096,0.1428571492433548
293,0.06972546773529006,67.93286152758412,0.12009655163376676,48.35445078811748,0.1838781088590622,0.27623283863067627,0.1428571492433548,0.1428571492433548
294,0.07032556077813215,69.70645825459185,0.1248078577715895,48.268139165144795,0.20691493153572083,0.34938114881515503,0.2857142984867096,0.1428571492433548
295,0.06526461369499466,67.64113383026312,0.12570796536000742,48.38742026752843,0.19795046746730804,0.3027639389038086,0.1428571492433548,0.2857142984867096
296,0.059604546163902664,70.85176312713541,0.1318153097420258,48.16453843603697,0.21737906336784363,0.3843654990196228,0.2857142984867096,0.1428571492433548
297,0.05724074347953273,68.75060169011032,0.12580106168906022,47.587638626143416,0.19590486586093903,0.1996525228023529,0.1428571492433548,0.2857142984867096
298,0.05691921921477571,71.52149092271375,0.1328975580386231,47.99663514869816,0.22726717591285706,0.3805113136768341,0.2857142984867096,0.2857142984867096
299,0.058199638554802396,67.81617538097943,0.12401549119263888,48.30239619604356,0.1958642154932022,0.18536953628063202,0.1428571492433548,0.2857142984867096
300,0.06014017154438546,69.32150676139925,0.12688835733188872,47.982957203581044,0.23859001696109772,0.3376336395740509,0.2857142984867096,0.2857142984867096
301,0.06360960543047281,67.48956836820491,0.13037134029599126,46.54074608805136,0.19918711483478546,0.2685967981815338,0.1428571492433548,0.2857142984867096
302,0.06561180177488923,69.90224352875549,0.14793243915970677,50.49150985431055,0.2398146390914917,0.41989925503730774,0.2857142984867096,0.1428571492433548
303,0.06737035283585772,66.99355712995957,0.14345017971182747,49.58227961796581,0.20228134095668793,0.22739067673683167,0.1428571492433548,0.2857142984867096
304,0.06643182119216505,69.03511787020241,0.14738134329338148,53.25759456147726,0.23057711124420166,0.3542640507221222,0.2857142984867096,0.1428571492433548
305,0.06584569683570941,65.94161576323532,0.15399650047508842,53.62080929936642,0.19997575879096985,0.4302197992801666,0.1428571492433548,0.1428571492433548
306,0.06301307318160149,67.8604365278985,0.16122503022698384,52.77785176770592,0.23500145971775055,0.5252196788787842,0.2857142984867096,0.1428571492433548
307,0.06293637576009642,64.64894314702302,0.1669044001509705,49.98852056824271,0.19759604334831238,0.6883173584938049,0.1428571492433548,0.1428571492433548
308,0.060704228536043264,66.54652042000353,0.16675133374801346,49.33248302644578,0.2314116358757019,0.8109347820281982,0.2857142984867096,0.1428571492433548
309,0.06225378443120419,63.326382818087836,0.164076110920537,49.07680430425537,0.19501250982284546,0.8587380051612854,0.1428571492433548,0.1428571492433548
310,0.06355354993851912,66.57345048096988,0.16427723770929828,49.407360468567184,0.23505887389183044,0.8813340663909912,0.2857142984867096,0.1428571492433548
311,0.06568468047689743,64.83740312155697,0.16276903904435983,49.73475840221176,0.2033948004245758,0.8730664253234863,0.1428571492433548,0.1428571492433548
312,0.06622901184722324,67.35459820737337,0.16129895355183926,50.12133502026054,0.24285322427749634,0.9031224846839905,0.2857142984867096,0.1428571492433548
313,0.06987871931679328,65.42119840587384,0.16014076991903534,50.374190925282655,0.20777781307697296,0.9628410935401917,0.1428571492433548,0.1428571492433548
314,0.07106190121725153,68.7981504216201,0.15889640254954804,50.64695753153355,0.24955880641937256,0.9716403484344482,0.2857142984867096,0.1428571492433548
315,0.0724504936866332,66.17200264020943,0.16008089750464694,50.73171230336061,0.2126586139202118,0.9801760315895081,0.1428571492433548,0.1428571492433548
316,0.07210133106166874,68.60505018964344,0.1580073456071676,50.93673866375608,0.2452193647623062,0.9956585764884949,0.2857142984867096,0.1428571492433548
317,0.07333364085028357,66.72773968153366,0.15757932857121715,51.44865418869072,0.21405942738056183,1.0313119888305664,0.1428571492433548,0.1428571492433548
318,0.07310253640196211,68.55960167763202,0.1590479256851564,52.05394869191492,0.2376147210597992,1.0924208164215088,0.2857142984867096,0.1428571492433548
319,0.0743112166424073,65.75484427019387,0.16043556160743755,52.70120393701123,0.21102748811244965,1.1194138526916504,0.2857142984867096,0.1428571492433548
320,0.07383946907493684,68.02927339603917,0.16081645818587925,53.07184666163379,0.24221020936965942,1.1392714977264404,0.2857142984867096,0.1428571492433548
321,0.07572773914972743,65.97304075504752,0.16007091712960117,53.30307041154801,0.2125975489616394,1.1122875213623047,0.2857142984867096,0.1428571492433548
322,0.07667317650323241,68.83265325437523,0.16182780282726117,54.02400769025269,0.24297448992729187,1.1133280992507935,0.2857142984867096,0.1428571492433548
323,0.07770714134845687,67.60366599332806,0.16269313040737782,54.88893743502607,0.2181503176689148,1.0974671840667725,0.2857142984867096,0.1428571492433548
324,0.07612626866209905,69.73823380626702,0.16072004535880619,53.01330586741321,0.23275788128376007,1.0489306449890137,0.2857142984867096,0.1428571492433548
325,0.0755854883686739,68.52302689245481,0.15784226161643558,53.4592594992579,0.21701854467391968,1.0385454893112183,0.2857142984867096,0.1428571492433548
326,0.07492206222938752,72.07228526287534,0.15605779047111645,52.97186785800264,0.22541669011116028,1.028576374053955,0.2857142984867096,0.1428571492433548
327,0.07515921334436222,71.2886059463522,0.15560278879788023,54.027754712229104,0.2202555537223816,1.0340689420700073,0.2857142984867096,0.1428571492433548
328,0.07484665567197321,73.63568909236196,0.1563987396080644,54.856577873639694,0.21697573363780975,1.0451921224594116,0.2857142984867096,0.1428571492433548
329,0.07908509244214815,70.74970777957775,0.1571610561727249,54.97907670257714,0.20208078622817993,1.0640051364898682,0.2857142984867096,0.1428571492433548
330,0.08187067414782413,70.2991893672686,0.15842390019481178,55.043141778644596,0.20568305253982544,1.1139917373657227,0.2857142984867096,0.1428571492433548
331,0.08849280572661773,67.23996995851992,0.15680712055495197,55.018307554494235,0.17705495655536652,1.1235928535461426,0.2857142984867096,0.1428571492433548
332,0.09241249622157958,66.85552884477949,0.15809473732897297,54.63128198249977,0.18611904978752136,1.0436253547668457,0.2857142984867096,0.1428571492433548
333,0.09134943372280338,63.66048158101779,0.16011379674000076,54.60491359778724,0.18356366455554962,0.8695055246353149,0.2857142984867096,0.1428571492433548
334,0.08768332421568938,66.75887229020748,0.16361515860448297,53.77909562440166,0.20177850127220154,0.8646705150604248,0.2857142984867096,0.1428571492433548
335,0.08763376750041743,65.44086881479932,0.16737348431724924,51.75247525190317,0.1850115805864334,0.9230566620826721,0.2857142984867096,0.1428571492433548
336,0.08598049460334725,67.4824781358645,0.1633999230572075,50.44730747325362,0.20644427835941315,0.9514394998550415,0.2857142984867096,0.1428571492433548
337,0.08358091917593993,65.56083002829043,0.1618962800419437,50.259865381231535,0.19791239500045776,0.9864106774330139,0.2857142984867096,0.1428571492433548
338,0.08057492949870021,68.74399573371633,0.16192948532772444,50.38831337588929,0.21543505787849426,1.018642783164978,0.2857142984867096,0.1428571492433548
339,0.07978533996757568,68.11748727539592,0.1627822898475943,50.44450214751569,0.20258358120918274,1.05743408203125,0.2857142984867096,0.1428571492433548
340,0.07910232987136923,70.20736891608769,0.1655135406738049,50.81476691030358,0.21780326962471008,1.1066540479660034,0.2857142984867096,0.1428571492433548
341,0.07916962653187883,67.36735079643755,0.1636797170513974,50.55988937754237,0.19917695224285126,1.085666537284851,0.2857142984867096,0.1428571492433548
342,0.07743858236983085,68.46822303983122,0.16220653017220463,50.58149701752147,0.20845894515514374,1.0688108205795288,0.2857142984867096,0.1428571492433548
343,0.07909245450964834,65.91800473258311,0.1579308477298036,56.17582811716222,0.19108493626117706,1.0330232381820679,0.2857142984867096,0.2857142984867096
344,0.08225633689248472,67.56728182332063,0.16205941088296846,57.74935175501292,0.2166532278060913,0.9316746592521667,0.2857142984867096,0.4285714626312256
345,0.08592607021546948,64.93599777509658,0.1576854524542207,56.77688339198697,0.19036631286144257,0.8646225929260254,0.2857142984867096,0.4285714626312256
346,0.08629068092780846,66.52655999105231,0.14950712320151194,56.16586245072079,0.21202751994132996,0.8967048525810242,0.2857142984867096,0.4285714626312256
347,0.08692710223607406,63.90158164227774,0.1456256034542581,55.045978090676286,0.18738366663455963,0.8825197815895081,0.2857142984867096,0.2857142984867096
348,0.08404030509125382,65.72300604788748,0.14165801973435985,54.09098568956217,0.2089216113090515,0.7307455539703369,0.2857142984867096,0.2857142984867096
349,0.084149608944443,62.69234075100862,0.13974551843723781,53.33247964313454,0.1846327930688858,0.6742829084396362,0.2857142984867096,0.2857142984867096
350,0.08246192940347025,64.40712457828518,0.13791208321492332,50.22542811059899,0.20796425640583038,0.6158698201179504,0.2857142984867096,0.2857142984867096
351,0.0825669175248872,62.61347130458884,0.13737958388457042,48.20840240308765,0.18547789752483368,0.6574954986572266,0.2857142984867096,0.2857142984867096
352,0.08143219908949138,64.76810655268774,0.1353276792422043,47.82161222962152,0.21341565251350403,0.6585742831230164,0.2857142984867096,0.2857142984867096
353,0.08360456366705685,62.63099259968761,0.13299234700771959,47.29637032039087,0.18665464222431183,0.65374356508255,0.2857142984867096,0.1428571492433548
354,0.08460694423281445,65.16678722129306,0.13002427539031008,46.85721336494129,0.222919762134552,0.6413438320159912,0.2857142984867096,0.1428571492433548
355,0.08880316478183434,62.96161914184299,0.12934238238698167,46.98387764309518,0.1913781762123108,0.6249077320098877,0.2857142984867096,0.1428571492433548
356,0.08935570634492535,65.23326345348818,0.12917314315893094,47.10333832820043,0.2243787944316864,0.652001678943634,0.2857142984867096,0.1428571492433548
357,0.09082994036328601,62.73713204024765,0.12773824616462118,47.25498837955643,0.19309858977794647,0.687360942363739,0.2857142984867096,0.1428571492433548
358,0.08856185701605893,65.77164012762861,0.12500872907338262,47.26157574100559,0.22135169804096222,0.7224072813987732,0.2857142984867096,0.1428571492433548
359,0.08778082967969991,63.81212127879889,0.12498243013134978,47.56084035784329,0.19725389778614044,0.7033225893974304,0.2857142984867096,0.1428571492433548
360,0.08276991866051335,67.18311332816427,0.12350661792791107,47.73288374869865,0.21128138899803162,0.6888613104820251,0.2857142984867096,0.1428571492433548
361,0.07978664410789411,65.58821984609305,0.12237493207941356,47.75185242864827,0.19869200885295868,0.6389893293380737,0.2857142984867096,0.1428571492433548
362,0.07384983998174285,67.84553751633946,0.12012627032376869,47.79180956795834,0.19938543438911438,0.5674978494644165,0.2857142984867096,0.1428571492433548
363,0.07384586304136222,66.35536836012623,0.1186128998336754,47.94175038051845,0.18573476374149323,0.6232925653457642,0.2857142984867096,0.1428571492433548
364,0.07382219873143842,66.76457356587578,0.11588210301871031,48.05672559072298,0.19116069376468658,0.6361321210861206,0.2857142984867096,0.1428571492433548
365,0.07623251586357503,65.17220347145641,0.11301386674135926,48.054916056340225,0.17540837824344635,0.6612471342086792,0.2857142984867096,0.1428571492433548
366,0.07627385437332974,63.47031638443305,0.10962332373588975,47.94171293045132,0.17057010531425476,0.6591548919677734,0.2857142984867096,0.1428571492433548
367,0.07442141097205779,61.639503008692586,0.1075764982257286,47.73461191488291,0.16880616545677185,0.6055625081062317,0.2857142984867096,0.1428571492433548
368,0.07018459474175075,60.238775209297145,0.10655810856062686,47.720702595157995,0.1639384925365448,0.5869092345237732,0.2857142984867096,0.1428571492433548
369,0.06501515017990288,58.743195017011566,0.10519971830778778,47.704117978622854,0.1572623997926712,0.6037651300430298,0.2857142984867096,0.1428571492433548
370,0.06211980024299496,57.976490796944034,0.10352271640223712,47.68534756073039,0.15345771610736847,0.6081793904304504,0.2857142984867096,0.1428571492433548
371,0.062126361140397685,57.20258779667691,0.1021352517181759,47.48633045482738,0.15089468657970428,0.6001020669937134,0.2857142984867096,0.1428571492433548
372,0.06392119533078011,57.46522133029656,0.1005338557893852,47.534536813973695,0.15257628262043,0.5554432272911072,0.4285714626312256,0.1428571492433548
373,0.06561707087321805,57.087464730498,0.09991741037877098,45.29617764434816,0.15268610417842865,0.49985602498054504,0.4285714626312256,0.1428571492433548
374,0.0656843055638256,56.72334003053416,0.09591178243923218,47.439629763850085,0.15244343876838684,0.4524904787540436,0.4285714626312256,0.1428571492433548
375,0.06609018731153195,56.309049611604195,0.09120276724086437,47.07677997305386,0.15164309740066528,0.3941809833049774,0.4285714626312256,0.1428571492433548
376,0.06604453232882612,56.39267767990984,0.08704533587118363,46.77084848195259,0.15224452316761017,0.331933856010437,0.4285714626312256,0.1428571492433548
377,0.06579596575421405,56.93143459435406,0.08342147888132875,46.617033856326174,0.1538943648338318,0.28329718112945557,0.4285714626312256,0.1428571492433548
378,0.06550907559014123,57.523578426838924,0.08143241397792997,47.41239896117509,0.15575750172138214,0.2171429991722107,0.4285714626312256,0.1428571492433548
379,0.06569513085764955,58.95810187998103,0.08157145064028548,46.0323228396637,0.15961585938930511,0.169351726770401,0.4285714626312256,0.1428571492433548
380,0.06539663160920227,59.8928084836305,0.08061792522514591,46.17301859526405,0.16251257061958313,0.16088542342185974,0.4285714626312256,0.1428571492433548
381,0.0652511776909417,60.14851775504227,0.08098817149567651,45.4932033904866,0.16302147507667542,0.14842376112937927,0.4285714626312256,0.1428571492433548
382,0.06621716132810372,60.95467093388971,0.08252697289043767,46.53300700545202,0.16593661904335022,0.14668864011764526,0.4285714626312256,0.2857142984867096
383,0.06634055181694916,62.1611366752011,0.08322957387773473,48.237969266990675,0.16797007620334625,0.14976537227630615,0.4285714626312256,0.1428571492433548
384,0.06663034191585748,62.53742128073338,0.08274473836813635,48.36071668816938,0.16895970702171326,0.15043668448925018,0.4285714626312256,0.1428571492433548
385,0.066458569001081,63.32212617454275,0.08021768994204032,48.39780555058372,0.17137406766414642,0.14862044155597687,0.4285714626312256,0.1428571492433548
386,0.06552083979182352,64.0543019433191,0.07780724923199915,48.11164873358633,0.17336562275886536,0.1478067934513092,0.4285714626312256,0.1428571492433548
387,0.06522974448120786,63.16610298001881,0.07500371137268315,46.63899685141514,0.16926877200603485,0.14199021458625793,0.4285714626312256,0.1428571492433548
388,0.06451216810445674,64.04331450167534,0.07275735969234105,47.25416084386567,0.17328767478466034,0.14485199749469757,0.4285714626312256,0.1428571492433548
389,0.06484016299344014,64.58452386261594,0.0702374807431807,47.64086575872056,0.1722245067358017,0.14683246612548828,0.4285714626312256,0.1428571492433548
390,0.06434224012374637,65.22534681051339,0.07346780293562515,47.92406171699805,0.17231731116771698,0.15079328417778015,0.4285714626312256,0.1428571492433548
391,0.06424531644448479,64.69001533812566,0.0765279885074264,47.63268294902088,0.1702413409948349,0.15363842248916626,0.4285714626312256,0.2857142984867096
392,0.06385318086660705,63.96481593470746,0.07850219724078603,48.64179488472486,0.1689285933971405,0.15931543707847595,0.4285714626312256,0.2857142984867096
393,0.06350399509652464,64.1648891967096,0.08077854574033345,49.88382346953507,0.17056475579738617,0.1654173731803894,0.4285714626312256,0.2857142984867096
394,0.06266084937436145,65.1244449055252,0.08360645716919149,51.4580228457671,0.1747671663761139,0.17019173502922058,0.4285714626312256,0.2857142984867096
395,0.0618209863389823,65.93193908645267,0.08524815762381459,51.47121738020015,0.17472001910209656,0.17216183245182037,0.4285714626312256,0.2857142984867096
396,0.06141054527921154,65.47765540417971,0.08346343782947291,52.39430534483261,0.16685298085212708,0.17443564534187317,0.4285714626312256,0.2857142984867096
397,0.06043411046951123,65.6947370747518,0.08282162768451377,54.407533733923955,0.17055906355381012,0.179515078663826,0.4285714626312256,0.2857142984867096
398,0.06125041203358761,65.0255974618768,0.08625569747688033,54.956038740799634,0.16636666655540466,0.18370935320854187,0.2857142984867096,0.2857142984867096
399,0.06145625473566394,65.66751685110053,0.08893682674509248,55.01653822804719,0.17045281827449799,0.1837102770805359,0.4285714626312256,0.2857142984867096
